config,fitness,distance,datapoints,eval_id
"[0, 0, 0, 1, 1, 0, 3, 0, 5, 3, 1, 0, 0, 3]",0.7368044055363191,3.0,43.0,1.0
"[0, 0, 0, 1, 0, 0, 3, 3, 5, 3, 1, 0, 0, 3]",0.6192698156774781,1.0,18.0,2.0
"[0, 0, 0, 1, 1, 0, 3, 3, 5, 3, 0, 0, 0, 3]",0.81489711877501,1.0,33.0,3.0
"[0, 0, 0, 1, 1, 0, 3, 3, 5, 3, 1, 0, 0, 3]",0.7822829898329411,0.0,36.0,4.0
"[0, 0, 4, 1, 1, 0, 3, 3, 5, 3, 1, 0, 0, 3]",0.7113898343682781,4.0,75.0,5.0
"[0, 0, 0, 1, 1, 0, 3, 3, 5, 3, 1, 0, 2, 3]",0.778752428874237,2.0,39.0,6.0
"[0, 0, 0, 1, 1, 0, 3, 3, 5, 3, 1, 0, 0, 6]",0.8057998641250511,3.0,36.0,7.0
"[0, 0, 0, 1, 1, 0, 6, 3, 5, 3, 1, 0, 0, 3]",0.7896063612796731,3.0,38.0,8.0
"[0, 0, 0, 0, 1, 0, 3, 3, 5, 3, 1, 0, 0, 3]",0.8031585299118621,1.0,38.0,9.0
"[0, 0, 0, 1, 1, 0, 3, 3, 5, 3, 1, 0, 2, 3]",0.7791569795060581,2.0,40.0,10.0
"[0, 0, 0, 4, 1, 0, 3, 3, 5, 3, 1, 0, 0, 3]",0.7652007031827761,3.0,40.0,11.0
"[0, 0, 0, 1, 1, 0, 3, 3, 5, 3, 1, 0, 0, 3]",0.7745308285196231,0.0,39.0,12.0
"[0, 0, 0, 1, 1, 0, 3, 3, 5, 3, 1, 0, 0, 2]",0.7738337807697521,1.0,40.0,13.0
"[0, 0, 0, 1, 1, 0, 3, 3, 4, 3, 1, 0, 0, 3]",0.773629388953306,1.0,34.0,14.0
"[0, 0, 0, 1, 1, 0, 4, 3, 5, 3, 1, 0, 0, 3]",0.778987826874172,1.0,41.0,15.0
"[0, 0, 0, 1, 8, 0, 3, 3, 5, 3, 1, 0, 0, 3]",0.7783809246101571,7.0,40.0,16.0
"[0, 0, 0, 1, 1, 0, 3, 3, 5, 3, 1, 1, 0, 3]",0.7183889234670151,1.0,23.0,17.0
"[0, 0, 0, 1, 1, 0, 3, 3, 5, 3, 1, 0, 0, 3]",0.7698513307032371,0.0,37.0,18.0
"[0, 0, 0, 1, 2, 0, 3, 3, 5, 3, 1, 0, 0, 3]",0.7807650049754441,1.0,36.0,19.0
"[0, 0, 0, 3, 1, 0, 3, 3, 5, 3, 1, 0, 0, 3]",0.7743294050813321,2.0,39.0,20.0
"[0, 0, 0, 1, 1, 0, 3, 3, 6, 3, 1, 0, 0, 3]",0.7743247405079611,1.0,43.0,21.0
"[0, 0, 0, 1, 1, 0, 6, 3, 5, 3, 1, 0, 0, 3]",0.773171431727616,3.0,39.0,22.0
"[0, 0, 0, 1, 1, 0, 3, 3, 5, 3, 0, 0, 0, 3]",0.8145958599195361,1.0,34.0,23.0
"[0, 0, 0, 1, 1, 0, 5, 3, 5, 3, 1, 0, 0, 3]",0.7770994953194891,2.0,39.0,24.0
"[0, 0, 0, 1, 1, 0, 3, 3, 5, 3, 1, 0, 0, 3]",0.781824528535347,0.0,40.0,25.0
"[0, 0, 0, 1, 1, 0, 3, 3, 5, 3, 3, 0, 0, 3]",0.736930637200885,2.0,43.0,26.0
"[0, 0, 0, 1, 1, 0, 3, 3, 5, 3, 1, 0, 0, 0]",0.7670208592695691,3.0,39.0,27.0
"[0, 0, 0, 1, 1, 0, 9, 3, 5, 3, 1, 0, 0, 3]",0.78433016711846,6.0,39.0,28.0
"[0, 0, 0, 4, 1, 0, 3, 3, 5, 3, 1, 0, 0, 3]",0.7757912043862261,3.0,36.0,29.0
"[0, 0, 0, 1, 1, 0, 3, 9, 5, 3, 1, 0, 0, 3]",0.7695842029493191,6.0,29.0,30.0
"[0, 0, 0, 1, 1, 0, 3, 3, 5, 9, 1, 0, 0, 3]",0.732862030430897,6.0,42.0,31.0
"[0, 0, 0, 1, 1, 0, 3, 3, 5, 3, 1, 2, 0, 3]",0.66330300607777,2.0,14.0,32.0
"[0, 0, 0, 1, 1, 0, 3, 3, 1, 3, 1, 0, 0, 3]",0.644189261950014,4.0,16.0,33.0
"[0, 0, 0, 1, 4, 0, 3, 3, 5, 3, 1, 0, 0, 3]",0.7905934449951091,3.0,40.0,34.0
"[0, 0, 0, 2, 1, 0, 3, 3, 5, 3, 1, 0, 0, 3]",0.7728473976647361,1.0,40.0,35.0
"[0, 0, 0, 1, 5, 0, 3, 3, 5, 3, 1, 0, 0, 3]",0.7786318810043741,4.0,41.0,36.0
"[0, 0, 0, 1, 1, 0, 3, 3, 5, 3, 1, 0, 0, 5]",0.782278513283934,2.0,42.0,37.0
"[0, 0, 0, 1, 1, 0, 3, 0, 5, 3, 1, 0, 0, 3]",0.735916751269686,3.0,47.0,38.0
"[0, 0, 0, 1, 1, 0, 3, 3, 5, 3, 1, 0, 0, 6]",0.7862535485953911,3.0,37.0,39.0
"[0, 0, 0, 1, 1, 0, 3, 3, 0, 3, 1, 0, 0, 3]",0.5780556319601661,5.0,6.0,40.0
"[0, 0, 0, 1, 1, 0, 3, 6, 5, 3, 1, 0, 0, 3]",0.7789813164779601,3.0,32.0,41.0
"[0, 0, 0, 1, 1, 0, 3, 3, 5, 3, 2, 0, 0, 3]",0.768320030153534,1.0,43.0,42.0
"[0, 0, 0, 1, 7, 0, 3, 3, 5, 3, 1, 0, 0, 3]",0.792341047609035,6.0,39.0,43.0
"[0, 0, 0, 1, 1, 0, 3, 3, 5, 3, 1, 0, 2, 3]",0.772896738063498,2.0,43.0,44.0
"[0, 0, 0, 1, 8, 0, 3, 3, 5, 3, 1, 0, 0, 3]",0.773777836989448,7.0,40.0,45.0
"[0, 0, 0, 1, 1, 0, 6, 3, 5, 3, 1, 0, 0, 3]",0.778537160098941,3.0,42.0,46.0
"[0, 0, 0, 1, 1, 0, 3, 3, 5, 3, 3, 0, 0, 3]",0.756361228920816,2.0,45.0,47.0
"[0, 0, 0, 1, 1, 0, 3, 3, 5, 3, 1, 0, 0, 3]",0.7851367531747231,0.0,40.0,48.0
"[0, 0, 0, 1, 1, 0, 3, 3, 5, 3, 0, 0, 0, 3]",0.8116296590874561,1.0,34.0,49.0
"[0, 0, 0, 1, 1, 0, 3, 3, 5, 4, 1, 0, 0, 3]",0.7862153939791151,1.0,44.0,50.0
"[0, 0, 0, 1, 1, 0, 3, 3, 9, 3, 1, 0, 0, 3]",0.7745952063225251,4.0,58.0,51.0
"[0, 0, 0, 1, 7, 0, 3, 3, 5, 3, 1, 0, 0, 5]",0.7691755836888391,8.0,41.0,52.0
"[0, 0, 0, 1, 1, 0, 3, 3, 6, 3, 3, 0, 0, 3]",0.7725184180479131,3.0,49.0,53.0
"[0, 0, 0, 1, 1, 0, 3, 2, 5, 3, 1, 0, 0, 3]",0.7689249003656551,1.0,44.0,54.0
"[0, 0, 0, 1, 1, 0, 3, 3, 5, 3, 1, 0, 3, 7]",0.7784179122171171,7.0,39.0,55.0
"[0, 0, 0, 1, 1, 0, 3, 8, 0, 3, 1, 0, 0, 3]",0.577276716954625,10.0,6.0,56.0
"[0, 0, 0, 1, 1, 0, 7, 3, 4, 3, 1, 0, 0, 3]",0.7704809924573051,5.0,36.0,57.0
"[0, 0, 0, 1, 1, 0, 3, 3, 5, 3, 1, 1, 0, 3]",0.7121770891928321,1.0,25.0,58.0
"[0, 0, 4, 1, 1, 0, 3, 3, 5, 3, 1, 0, 2, 3]",0.700740036204569,6.0,91.0,59.0
"[0, 0, 0, 1, 1, 0, 3, 3, 5, 3, 1, 2, 0, 3]",0.6776508375097811,2.0,16.0,60.0
"[0, 0, 0, 9, 1, 0, 3, 3, 5, 3, 1, 0, 0, 8]",0.7803236531466571,13.0,38.0,61.0
"[0, 0, 0, 1, 1, 0, 2, 3, 5, 6, 1, 0, 0, 3]",0.7502638786073881,4.0,42.0,62.0
"[0, 0, 0, 1, 1, 0, 1, 0, 5, 3, 1, 0, 0, 3]",0.7131417526105001,5.0,40.0,63.0
"[0, 0, 0, 1, 1, 0, 3, 7, 5, 3, 1, 0, 0, 3]",0.7639593684396171,4.0,31.0,64.0
"[0, 0, 0, 1, 1, 0, 9, 3, 8, 3, 1, 0, 0, 3]",0.784736896576927,9.0,53.0,65.0
"[0, 0, 0, 1, 6, 0, 3, 3, 5, 3, 2, 0, 0, 3]",0.760512164054102,6.0,42.0,66.0
"[0, 0, 0, 1, 1, 0, 3, 3, 5, 3, 1, 0, 0, 3]",0.7611538223159611,0.0,38.0,67.0
"[0, 0, 0, 1, 1, 0, 6, 10, 5, 3, 1, 0, 0, 3]",0.7865567746765411,10.0,34.0,68.0
"[0, 0, 9, 1, 1, 0, 3, 3, 5, 3, 1, 0, 0, 0]",0.7016503840157671,12.0,82.0,69.0
"[0, 0, 0, 1, 4, 0, 3, 4, 5, 3, 1, 0, 0, 3]",0.76662176716742,4.0,38.0,70.0
"[0, 0, 0, 1, 7, 0, 3, 3, 5, 4, 1, 0, 0, 3]",0.7675035387453341,7.0,42.0,71.0
"[0, 0, 0, 1, 1, 0, 3, 3, 5, 4, 1, 1, 0, 3]",0.7703181736786621,2.0,31.0,72.0
"[0, 0, 0, 6, 1, 0, 3, 3, 3, 3, 1, 0, 0, 3]",0.7366658804129571,7.0,29.0,73.0
"[0, 0, 0, 1, 1, 0, 3, 3, 5, 3, 1, 0, 3, 4]",0.774460805172949,4.0,39.0,74.0
"[0, 0, 0, 1, 1, 0, 4, 3, 5, 3, 1, 0, 0, 6]",0.788344974885124,4.0,40.0,75.0
"[0, 0, 8, 1, 1, 0, 3, 3, 5, 3, 1, 1, 0, 3]",0.6804586075058481,9.0,99.0,76.0
"[0, 0, 0, 1, 1, 0, 3, 8, 5, 3, 1, 0, 1, 3]",0.7764666506654511,6.0,31.0,77.0
"[0, 0, 0, 2, 1, 0, 3, 3, 5, 3, 1, 0, 0, 3]",0.782872663613936,1.0,40.0,78.0
"[0, 0, 5, 6, 1, 0, 3, 3, 5, 3, 1, 0, 0, 3]",0.720093210607857,10.0,75.0,79.0
"[0, 0, 0, 9, 1, 0, 3, 3, 4, 3, 1, 0, 0, 3]",0.758354287258129,9.0,34.0,80.0
"[0, 0, 5, 1, 1, 0, 3, 3, 5, 3, 1, 0, 0, 3]",0.7154472452156181,5.0,77.0,81.0
"[0, 0, 0, 0, 1, 0, 3, 3, 3, 3, 1, 0, 0, 3]",0.737107852407425,3.0,28.0,82.0
"[0, 0, 6, 1, 1, 0, 3, 3, 5, 3, 1, 0, 1, 3]",0.707290079599867,7.0,81.0,83.0
"[0, 0, 0, 1, 1, 0, 3, 0, 5, 3, 1, 0, 2, 3]",0.737772565841708,5.0,44.0,84.0
"[0, 0, 0, 1, 0, 0, 3, 8, 5, 3, 1, 0, 0, 3]",0.6192698156774781,6.0,18.0,85.0
"[0, 0, 0, 1, 1, 0, 3, 3, 5, 3, 1, 0, 0, 3]",0.7800735546759301,0.0,40.0,86.0
"[0, 0, 0, 2, 1, 0, 3, 3, 5, 3, 1, 0, 0, 3]",0.7739721106407991,1.0,40.0,87.0
"[0, 0, 0, 1, 1, 0, 0, 3, 5, 10, 1, 0, 0, 3]",0.7119086806954601,10.0,48.0,88.0
"[0, 0, 6, 0, 1, 0, 3, 3, 5, 3, 1, 0, 0, 3]",0.7067976604312171,7.0,84.0,89.0
"[0, 0, 0, 5, 1, 0, 3, 3, 5, 3, 1, 0, 2, 3]",0.7695927742544421,6.0,40.0,90.0
"[0, 0, 0, 1, 3, 0, 3, 3, 5, 3, 1, 0, 0, 2]",0.763935370187495,3.0,42.0,91.0
"[0, 0, 0, 1, 1, 0, 3, 3, 5, 6, 1, 0, 0, 3]",0.765842739481554,3.0,42.0,92.0
"[0, 0, 0, 1, 1, 0, 8, 3, 5, 3, 1, 0, 3, 3]",0.7797374083389701,8.0,37.0,93.0
"[0, 0, 0, 1, 2, 0, 4, 3, 5, 3, 1, 0, 0, 3]",0.7753264703333881,2.0,38.0,94.0
"[0, 0, 0, 1, 1, 0, 3, 3, 5, 8, 1, 0, 1, 3]",0.745019114912527,6.0,41.0,95.0
"[0, 0, 0, 6, 1, 0, 3, 3, 5, 3, 1, 0, 0, 3]",0.7701845830402031,5.0,39.0,96.0
"[0, 0, 0, 1, 2, 0, 3, 3, 5, 3, 1, 0, 0, 3]",0.77687077691921,1.0,37.0,97.0
"[0, 0, 0, 1, 1, 0, 3, 8, 5, 2, 1, 0, 0, 3]",0.7643660172222001,6.0,29.0,98.0
"[0, 0, 0, 5, 1, 0, 3, 7, 5, 3, 1, 0, 0, 3]",0.7768115381770251,8.0,32.0,99.0
"[0, 0, 0, 6, 1, 0, 3, 3, 5, 3, 1, 2, 0, 3]",0.692000829266582,7.0,15.0,100.0
"[0, 0, 3, 1, 1, 0, 3, 3, 5, 3, 1, 0, 3, 4]",0.6863862814807601,7.0,98.0,101.0
"[0, 0, 0, 1, 1, 0, 3, 2, 5, 3, 1, 0, 0, 3]",0.759255374674879,1.0,40.0,102.0
"[0, 0, 0, 1, 1, 0, 3, 9, 5, 3, 1, 2, 0, 3]",0.6819240246973031,8.0,16.0,103.0
"[0, 0, 0, 2, 6, 0, 3, 3, 5, 3, 1, 1, 0, 3]",0.7617569614430031,7.0,24.0,104.0
"[0, 0, 9, 1, 1, 0, 5, 3, 5, 3, 3, 0, 0, 3]",0.6997552985242871,13.0,81.0,105.0
"[0, 0, 0, 1, 1, 0, 7, 3, 5, 3, 1, 1, 2, 3]",0.7957823525513631,7.0,35.0,106.0
"[0, 0, 0, 1, 1, 0, 3, 3, 5, 0, 1, 0, 3, 3]",0.696679268942895,6.0,11.0,107.0
"[0, 0, 0, 1, 1, 0, 4, 4, 5, 3, 1, 1, 0, 3]",0.74012675448811,3.0,27.0,108.0
"[0, 0, 9, 1, 5, 0, 3, 3, 5, 3, 1, 0, 0, 3]",0.7164533415156481,13.0,52.0,109.0
"[0, 0, 0, 8, 1, 0, 3, 5, 5, 3, 3, 0, 0, 3]",0.772155966991776,11.0,37.0,110.0
"[0, 0, 0, 1, 1, 0, 3, 3, 5, 3, 1, 1, 0, 3]",0.732994755144709,1.0,23.0,111.0
"[0, 0, 0, 8, 1, 0, 3, 3, 5, 10, 1, 0, 0, 2]",0.746894631300217,15.0,39.0,112.0
"[0, 0, 0, 1, 1, 0, 9, 3, 5, 3, 1, 0, 2, 3]",0.78123081780084,8.0,42.0,113.0
"[0, 0, 9, 1, 1, 0, 3, 3, 0, 3, 1, 1, 0, 3]",0.5730803301501171,15.0,11.0,114.0
"[0, 0, 0, 1, 1, 0, 9, 9, 5, 8, 1, 0, 0, 3]",0.7964639181621981,17.0,32.0,115.0
"[0, 0, 3, 1, 1, 0, 3, 4, 5, 3, 1, 0, 0, 3]",0.7049282122546681,4.0,70.0,116.0
"[0, 0, 0, 1, 1, 0, 8, 3, 5, 7, 1, 1, 0, 3]",0.7538088608818201,10.0,47.0,117.0
"[0, 0, 2, 1, 1, 0, 3, 3, 5, 3, 1, 0, 1, 3]",0.7078047919786561,3.0,74.0,118.0
"[0, 0, 3, 1, 1, 0, 3, 3, 5, 3, 1, 0, 0, 2]",0.722287348246612,4.0,77.0,119.0
"[0, 0, 3, 1, 1, 0, 3, 3, 1, 2, 1, 0, 0, 3]",0.64288727771148,8.0,23.0,120.0
"[0, 0, 1, 1, 1, 0, 3, 10, 5, 1, 1, 0, 0, 3]",0.7233336978082141,10.0,41.0,121.0
"[0, 0, 0, 1, 1, 0, 3, 0, 5, 0, 1, 0, 0, 1]",0.626971117646626,8.0,15.0,122.0
"[0, 0, 5, 1, 1, 0, 3, 0, 5, 3, 1, 0, 0, 0]",0.689039196985868,11.0,88.0,123.0
"[0, 0, 0, 1, 1, 0, 3, 2, 3, 3, 1, 0, 0, 3]",0.739774164017682,3.0,28.0,124.0
"[0, 0, 0, 1, 1, 0, 3, 3, 5, 3, 2, 1, 0, 6]",0.733238830536444,5.0,24.0,125.0
"[0, 0, 0, 1, 1, 0, 3, 3, 5, 1, 1, 0, 0, 3]",0.7566904726007241,2.0,26.0,126.0
"[0, 0, 0, 1, 1, 0, 3, 7, 2, 6, 1, 0, 0, 3]",0.665892339270726,10.0,21.0,127.0
"[0, 0, 0, 6, 1, 0, 3, 8, 5, 3, 2, 0, 0, 3]",0.775387314400607,11.0,33.0,128.0
"[0, 0, 0, 1, 8, 0, 3, 3, 5, 3, 1, 0, 3, 1]",0.7806441757661671,12.0,43.0,129.0
"[0, 0, 0, 1, 2, 0, 3, 3, 7, 3, 1, 0, 0, 3]",0.7842061583158141,3.0,51.0,130.0
"[0, 0, 0, 1, 1, 0, 3, 8, 5, 3, 1, 2, 0, 3]",0.738910080314205,7.0,15.0,131.0
"[0, 0, 5, 1, 1, 0, 3, 3, 5, 9, 2, 0, 0, 3]",0.686644868539468,12.0,75.0,132.0
"[0, 0, 8, 1, 1, 0, 3, 4, 5, 3, 1, 0, 0, 7]",0.6984356808597341,13.0,80.0,133.0
"[0, 0, 0, 3, 9, 0, 3, 3, 5, 3, 1, 0, 1, 3]",0.7796010379221001,11.0,39.0,134.0
"[0, 0, 0, 0, 1, 0, 3, 0, 5, 3, 1, 1, 0, 3]",0.682537581059237,5.0,24.0,135.0
"[0, 0, 0, 3, 1, 0, 3, 10, 5, 3, 1, 0, 2, 3]",0.771406008278213,11.0,29.0,136.0
"[0, 0, 0, 5, 1, 0, 3, 8, 5, 2, 1, 0, 0, 3]",0.7801119131191001,10.0,26.0,137.0
"[0, 0, 8, 1, 3, 0, 3, 8, 5, 3, 1, 0, 0, 3]",0.701127109279649,15.0,56.0,138.0
"[0, 0, 0, 1, 0, 0, 3, 7, 8, 3, 1, 0, 0, 3]",0.6192698156774781,8.0,19.0,139.0
"[0, 0, 5, 1, 9, 0, 3, 0, 5, 3, 1, 0, 0, 3]",0.712845523676297,16.0,58.0,140.0
"[0, 0, 0, 1, 8, 0, 3, 3, 5, 3, 1, 0, 0, 3]",0.799169544163794,7.0,39.0,141.0
"[0, 0, 0, 1, 6, 0, 3, 10, 7, 3, 1, 0, 0, 3]",0.775738839619572,14.0,33.0,142.0
"[0, 0, 0, 8, 1, 0, 2, 3, 5, 10, 1, 0, 0, 3]",0.754497853608168,15.0,45.0,143.0
"[0, 0, 0, 1, 6, 0, 3, 5, 5, 3, 3, 0, 0, 3]",0.7647392212331211,9.0,40.0,144.0
"[0, 0, 0, 6, 0, 0, 3, 3, 5, 3, 1, 0, 0, 9]",0.6192698156774781,12.0,19.0,145.0
"[0, 0, 0, 2, 1, 0, 3, 3, 5, 3, 1, 0, 0, 7]",0.791732593023306,5.0,38.0,146.0
"[0, 0, 0, 1, 6, 0, 3, 3, 5, 0, 1, 0, 0, 3]",0.689247316406506,8.0,13.0,147.0
"[0, 0, 0, 1, 1, 0, 3, 10, 8, 3, 1, 0, 0, 3]",0.802091203145836,10.0,36.0,148.0
"[0, 0, 0, 3, 1, 0, 3, 7, 5, 3, 1, 0, 1, 3]",0.7693604679448761,7.0,32.0,149.0
"[0, 0, 0, 1, 1, 0, 3, 1, 5, 3, 1, 1, 0, 0]",0.7311431861934521,6.0,28.0,150.0
"[0, 0, 0, 3, 6, 0, 3, 3, 9, 3, 1, 0, 0, 3]",0.7780974599297831,11.0,56.0,151.0
"[0, 0, 0, 1, 9, 0, 9, 3, 5, 0, 1, 0, 0, 0]",0.7988958429112081,20.0,28.0,152.0
"[0, 0, 6, 1, 8, 0, 3, 2, 5, 3, 1, 0, 0, 2]",0.736688530740884,15.0,58.0,153.0
"[0, 0, 7, 5, 1, 0, 2, 8, 5, 3, 1, 0, 0, 3]",0.6914608519242631,17.0,68.0,154.0
"[0, 0, 4, 6, 1, 0, 3, 3, 5, 3, 1, 0, 0, 3]",0.7127654151394871,9.0,77.0,155.0
"[0, 0, 0, 1, 1, 0, 3, 1, 7, 6, 1, 0, 3, 3]",0.740387126100847,10.0,55.0,156.0
"[0, 0, 0, 1, 1, 0, 3, 8, 7, 5, 1, 0, 1, 3]",0.7908621885160331,10.0,40.0,157.0
"[0, 0, 4, 1, 3, 0, 3, 3, 5, 3, 1, 0, 3, 0]",0.691574845480131,12.0,46.0,158.0
"[0, 0, 3, 1, 9, 0, 3, 8, 5, 3, 1, 0, 1, 3]",0.7011493217044631,17.0,33.0,159.0
"[0, 0, 0, 1, 1, 0, 3, 3, 5, 3, 1, 0, 3, 0]",0.7848382471839861,6.0,38.0,160.0
"[0, 0, 2, 1, 1, 0, 3, 7, 2, 3, 1, 0, 0, 1]",0.6723633209455561,11.0,33.0,161.0
"[0, 0, 0, 8, 8, 0, 4, 10, 5, 3, 1, 0, 0, 3]",0.7800230020176151,22.0,33.0,162.0
"[0, 0, 0, 0, 0, 0, 3, 3, 7, 4, 1, 0, 0, 3]",0.6192698156774781,5.0,20.0,163.0
"[0, 0, 0, 1, 5, 0, 3, 1, 0, 3, 3, 0, 0, 3]",0.574291819647407,13.0,8.0,164.0
"[0, 0, 2, 1, 4, 0, 3, 3, 3, 3, 1, 0, 3, 3]",0.64201213544636,10.0,24.0,165.0
"[0, 0, 0, 1, 1, 0, 3, 7, 5, 3, 2, 0, 1, 3]",0.783915720529145,6.0,35.0,166.0
"[0, 0, 4, 7, 1, 0, 3, 3, 7, 3, 1, 0, 2, 3]",0.6832821763601751,14.0,112.0,167.0
"[0, 0, 0, 9, 1, 0, 3, 3, 5, 3, 1, 2, 0, 4]",0.6201864573980721,11.0,14.0,168.0
"[0, 0, 0, 1, 8, 0, 3, 5, 5, 0, 1, 0, 0, 3]",0.665215187584652,12.0,10.0,169.0
"[0, 0, 0, 1, 6, 0, 3, 4, 5, 5, 1, 0, 2, 3]",0.760519774768128,10.0,37.0,170.0
"[0, 0, 0, 1, 5, 0, 3, 5, 5, 5, 1, 0, 2, 3]",0.7750514579151551,10.0,37.0,171.0
"[0, 0, 0, 1, 5, 0, 3, 7, 5, 6, 1, 1, 0, 3]",0.764166767717471,12.0,36.0,172.0
"[0, 0, 0, 1, 1, 0, 3, 5, 6, 3, 2, 1, 0, 3]",0.711291739380837,5.0,25.0,173.0
"[0, 0, 7, 6, 9, 0, 3, 3, 5, 3, 1, 0, 0, 0]",0.7515427122149501,23.0,57.0,174.0
"[0, 0, 0, 1, 1, 0, 3, 6, 5, 3, 1, 2, 3, 2]",0.670960060467635,9.0,16.0,175.0
"[0, 0, 6, 6, 1, 0, 3, 7, 5, 3, 1, 0, 0, 3]",0.6944572516200841,15.0,74.0,176.0
"[0, 0, 0, 1, 1, 0, 3, 7, 5, 3, 1, 0, 0, 3]",0.7774745097669271,4.0,32.0,177.0
"[0, 0, 5, 1, 2, 0, 3, 3, 5, 5, 1, 0, 0, 3]",0.727871602618505,8.0,57.0,178.0
"[0, 0, 0, 1, 1, 0, 5, 7, 5, 3, 1, 0, 2, 2]",0.7943648008874561,9.0,37.0,179.0
"[0, 0, 1, 4, 1, 0, 3, 1, 5, 3, 3, 0, 0, 3]",0.6729203077937881,8.0,56.0,180.0
"[0, 0, 1, 1, 0, 0, 3, 0, 5, 8, 1, 0, 0, 3]",0.6192698156774781,10.0,18.0,181.0
"[0, 0, 0, 1, 1, 0, 4, 10, 5, 3, 2, 0, 0, 3]",0.7691492139566091,9.0,32.0,182.0
"[0, 0, 0, 9, 1, 0, 3, 3, 5, 1, 1, 0, 0, 5]",0.7485318893039671,12.0,27.0,183.0
"[0, 0, 1, 1, 1, 0, 3, 3, 5, 3, 1, 0, 3, 3]",0.72378088308897,4.0,53.0,184.0
"[0, 0, 0, 5, 1, 0, 3, 3, 5, 3, 2, 0, 3, 3]",0.75911315712112,8.0,42.0,185.0
"[0, 0, 0, 9, 1, 0, 2, 3, 3, 3, 1, 0, 0, 9]",0.7370951535979791,17.0,28.0,186.0
"[0, 0, 1, 1, 1, 0, 3, 3, 5, 2, 1, 0, 0, 7]",0.7233233438278981,6.0,51.0,187.0
"[0, 0, 0, 0, 1, 0, 4, 3, 5, 3, 1, 0, 0, 8]",0.7812439831992021,7.0,40.0,188.0
"[0, 0, 6, 1, 3, 0, 3, 2, 5, 3, 1, 0, 0, 3]",0.7110917527117351,9.0,55.0,189.0
"[0, 0, 0, 1, 3, 0, 3, 3, 2, 3, 0, 0, 0, 3]",0.7362725806082021,6.0,20.0,190.0
"[0, 0, 3, 1, 8, 0, 3, 3, 5, 3, 1, 0, 0, 0]",0.6962508355582071,13.0,34.0,191.0
"[0, 0, 0, 1, 2, 0, 6, 3, 1, 3, 1, 0, 2, 3]",0.681505378478373,10.0,16.0,192.0
"[0, 0, 9, 1, 1, 0, 3, 3, 3, 10, 1, 0, 0, 3]",0.68893949597487,18.0,52.0,193.0
"[0, 0, 6, 1, 1, 0, 3, 3, 5, 3, 1, 2, 0, 4]",0.663242051907409,9.0,104.0,194.0
"[0, 0, 4, 4, 5, 0, 3, 3, 5, 3, 1, 1, 0, 3]",0.631054243952461,12.0,52.0,195.0
"[0, 0, 0, 1, 7, 0, 9, 3, 5, 3, 1, 0, 2, 3]",0.7730669675715921,14.0,41.0,196.0
"[0, 0, 0, 1, 1, 0, 6, 3, 5, 7, 1, 2, 3, 3]",0.7612543015284551,12.0,46.0,197.0
"[0, 0, 0, 1, 1, 0, 3, 3, 5, 7, 3, 0, 1, 0]",0.7491924031000181,10.0,46.0,198.0
"[0, 0, 0, 9, 1, 0, 3, 6, 5, 3, 1, 0, 1, 0]",0.770723586661741,15.0,34.0,199.0
"[0, 0, 0, 9, 3, 0, 3, 3, 1, 3, 1, 2, 0, 3]",0.617949628239679,16.0,9.0,200.0
"[0, 0, 0, 1, 1, 0, 1, 0, 8, 3, 1, 1, 0, 3]",0.7465389157070941,9.0,18.0,201.0
"[0, 0, 3, 1, 1, 0, 4, 3, 5, 3, 0, 0, 0, 3]",0.7535637625964121,5.0,71.0,202.0
"[0, 0, 0, 1, 1, 0, 5, 3, 5, 2, 0, 0, 2, 2]",0.809890535219238,7.0,34.0,203.0
"[0, 0, 6, 1, 8, 0, 3, 3, 0, 3, 2, 0, 0, 3]",0.616767991802401,19.0,13.0,204.0
"[0, 0, 5, 4, 1, 0, 3, 3, 6, 6, 0, 0, 0, 3]",0.7456428511315231,13.0,75.0,205.0
"[0, 0, 0, 1, 1, 0, 9, 9, 1, 3, 0, 2, 0, 3]",0.6748101429583271,19.0,13.0,206.0
"[0, 0, 0, 0, 1, 0, 3, 3, 5, 3, 1, 2, 2, 3]",0.6767022492086731,5.0,16.0,207.0
"[0, 0, 6, 1, 1, 0, 3, 3, 9, 3, 3, 0, 1, 3]",0.667067054393053,13.0,123.0,208.0
"[0, 0, 0, 3, 1, 0, 1, 7, 5, 3, 1, 2, 0, 1]",0.7434218628446091,12.0,17.0,209.0
"[0, 0, 3, 1, 1, 0, 3, 4, 5, 0, 1, 1, 0, 9]",0.700455632998218,14.0,91.0,210.0
"[0, 0, 0, 9, 1, 0, 0, 3, 0, 9, 1, 2, 0, 3]",0.556241292032976,24.0,5.0,211.0
"[0, 0, 2, 1, 5, 0, 3, 3, 7, 3, 0, 0, 0, 3]",0.7560575341871271,9.0,45.0,212.0
"[0, 0, 0, 1, 9, 0, 3, 10, 1, 7, 1, 0, 0, 6]",0.63879719455265,26.0,15.0,213.0
"[0, 0, 7, 1, 0, 0, 3, 0, 5, 3, 1, 0, 0, 9]",0.6192698156774781,17.0,18.0,214.0
"[0, 0, 0, 1, 9, 0, 3, 3, 4, 3, 2, 0, 1, 3]",0.7438698415528591,11.0,36.0,215.0
"[0, 0, 7, 1, 1, 0, 3, 3, 5, 3, 1, 1, 0, 3]",0.6677840320174591,8.0,98.0,216.0
"[0, 0, 0, 0, 1, 0, 6, 3, 1, 1, 1, 1, 0, 3]",0.61218352056376,11.0,5.0,217.0
"[0, 0, 7, 1, 1, 0, 1, 10, 5, 3, 2, 0, 0, 3]",0.656707984977222,17.0,76.0,218.0
"[0, 0, 0, 1, 8, 0, 8, 3, 5, 3, 3, 0, 0, 3]",0.7675842544026521,14.0,43.0,219.0
"[0, 0, 3, 1, 1, 0, 3, 3, 5, 10, 1, 0, 1, 3]",0.717565368770495,11.0,75.0,220.0
"[0, 0, 0, 9, 2, 0, 8, 3, 5, 3, 1, 0, 3, 3]",0.779334488166306,17.0,42.0,221.0
"[0, 0, 0, 6, 1, 0, 4, 3, 5, 1, 3, 0, 0, 9]",0.7604765566465531,16.0,28.0,222.0
"[0, 0, 4, 1, 1, 0, 5, 3, 5, 2, 1, 0, 0, 1]",0.7255761202527621,9.0,79.0,223.0
"[0, 0, 8, 1, 2, 0, 4, 3, 5, 2, 1, 0, 0, 3]",0.728247736795939,11.0,64.0,224.0
"[0, 0, 0, 3, 6, 0, 3, 3, 5, 3, 1, 0, 3, 9]",0.785720082702399,16.0,41.0,225.0
"[0, 0, 0, 9, 1, 0, 3, 6, 4, 10, 1, 0, 0, 3]",0.724391171588133,19.0,31.0,226.0
"[0, 0, 0, 1, 5, 0, 2, 3, 5, 0, 1, 0, 0, 7]",0.6962477865873791,12.0,7.0,227.0
"[0, 0, 3, 0, 1, 0, 5, 3, 5, 6, 3, 0, 0, 3]",0.698025977982732,11.0,77.0,228.0
"[0, 0, 1, 1, 1, 0, 3, 3, 5, 3, 1, 0, 0, 2]",0.7228139231811711,2.0,53.0,229.0
"[0, 0, 2, 1, 4, 0, 3, 9, 5, 3, 1, 1, 1, 3]",0.646948515722507,13.0,34.0,230.0
"[0, 0, 0, 1, 1, 0, 5, 5, 5, 3, 1, 0, 0, 0]",0.7841723937812891,7.0,41.0,231.0
"[0, 0, 0, 7, 1, 0, 6, 2, 9, 3, 3, 0, 0, 3]",0.776496651293988,16.0,61.0,232.0
"[0, 0, 3, 1, 9, 0, 2, 3, 5, 3, 2, 0, 0, 2]",0.6637802826973691,14.0,44.0,233.0
"[0, 0, 0, 0, 1, 0, 4, 3, 5, 10, 1, 0, 0, 8]",0.742601915932359,14.0,47.0,234.0
"[0, 0, 0, 1, 7, 0, 9, 3, 5, 3, 1, 0, 2, 8]",0.785460627763769,19.0,42.0,235.0
"[0, 0, 3, 1, 0, 0, 3, 3, 2, 3, 1, 0, 1, 8]",0.6192698156774781,13.0,18.0,236.0
"[0, 0, 7, 1, 7, 0, 3, 10, 5, 3, 3, 0, 3, 3]",0.660696107516896,25.0,48.0,237.0
"[0, 0, 0, 0, 1, 0, 3, 0, 5, 9, 1, 0, 0, 3]",0.693528454069498,10.0,54.0,238.0
"[0, 0, 0, 1, 6, 0, 1, 3, 5, 3, 3, 1, 3, 3]",0.687218624258614,13.0,15.0,239.0
"[0, 0, 0, 4, 7, 0, 3, 3, 6, 3, 1, 0, 3, 7]",0.7794848244669781,17.0,43.0,240.0
"[0, 0, 2, 4, 1, 0, 3, 3, 4, 3, 1, 0, 0, 3]",0.7126778402958951,6.0,56.0,241.0
"[0, 0, 6, 1, 0, 0, 3, 3, 6, 5, 3, 0, 0, 3]",0.6192698156774781,12.0,20.0,242.0
"[0, 0, 0, 1, 4, 0, 3, 3, 4, 3, 1, 0, 1, 1]",0.7541839526451911,7.0,34.0,243.0
"[0, 0, 0, 1, 2, 0, 0, 3, 5, 0, 1, 0, 0, 0]",0.5690434245462941,10.0,1.0,244.0
"[0, 0, 6, 9, 1, 0, 3, 4, 8, 3, 1, 2, 0, 3]",0.664840452161487,20.0,115.0,245.0
"[0, 0, 0, 7, 1, 0, 9, 3, 9, 3, 1, 2, 0, 5]",0.7956933816524211,20.0,47.0,246.0
"[0, 0, 0, 4, 7, 0, 3, 3, 5, 3, 1, 2, 3, 8]",0.707366624802216,19.0,12.0,247.0
"[0, 0, 4, 1, 0, 0, 3, 1, 5, 5, 1, 2, 0, 3]",0.6192698156774781,11.0,20.0,248.0
"[0, 0, 6, 9, 1, 0, 7, 3, 5, 6, 1, 0, 0, 2]",0.725659720133627,22.0,80.0,249.0
"[0, 0, 0, 0, 1, 0, 3, 9, 7, 0, 1, 0, 1, 3]",0.6911628180889261,13.0,11.0,250.0
"[0, 0, 0, 2, 9, 0, 3, 3, 8, 0, 1, 0, 0, 8]",0.701208913028844,20.0,14.0,251.0
"[0, 0, 0, 0, 1, 0, 8, 5, 5, 3, 1, 0, 1, 5]",0.7889480807738131,11.0,40.0,252.0
"[0, 0, 2, 1, 0, 0, 3, 3, 5, 3, 1, 0, 2, 1]",0.6192698156774781,7.0,17.0,253.0
"[0, 0, 7, 1, 1, 0, 5, 3, 2, 0, 1, 0, 3, 3]",0.6646596429874011,18.0,61.0,254.0
"[0, 0, 0, 4, 8, 0, 3, 3, 5, 10, 1, 1, 0, 8]",0.7218760686483521,23.0,47.0,255.0
"[0, 0, 0, 8, 1, 0, 2, 3, 1, 10, 1, 2, 0, 8]",0.6111308879560271,26.0,16.0,256.0
"[0, 0, 0, 1, 9, 0, 2, 3, 1, 3, 1, 1, 1, 2]",0.645257053444343,16.0,10.0,257.0
"[0, 0, 4, 0, 7, 0, 3, 7, 5, 3, 2, 0, 0, 7]",0.6990206612489921,20.0,43.0,258.0
"[0, 0, 6, 1, 4, 0, 3, 3, 5, 1, 1, 0, 3, 3]",0.6440257684399311,14.0,51.0,259.0
"[0, 0, 0, 1, 1, 0, 3, 10, 3, 3, 1, 2, 2, 7]",0.649554884680259,17.0,12.0,260.0
"[0, 0, 8, 9, 1, 0, 5, 6, 5, 3, 3, 0, 2, 3]",0.683108279363911,25.0,87.0,261.0
"[0, 0, 3, 1, 1, 0, 7, 3, 5, 0, 2, 0, 0, 9]",0.7290508659201561,17.0,81.0,262.0
"[0, 0, 0, 5, 3, 0, 3, 3, 5, 3, 2, 1, 2, 3]",0.700478817426447,10.0,26.0,263.0
"[0, 0, 0, 6, 3, 0, 4, 3, 1, 3, 1, 0, 3, 3]",0.6559830333385831,15.0,16.0,264.0
"[0, 0, 0, 2, 1, 0, 3, 4, 9, 9, 0, 0, 0, 3]",0.8256134433649731,13.0,50.0,265.0
"[0, 0, 0, 2, 1, 0, 3, 3, 1, 3, 1, 0, 0, 5]",0.663486625210979,7.0,16.0,266.0
"[0, 0, 6, 1, 9, 0, 3, 6, 1, 10, 1, 0, 0, 3]",0.6169164571400471,28.0,26.0,267.0
"[0, 0, 0, 4, 1, 0, 7, 0, 5, 3, 0, 1, 0, 7]",0.7580634113819881,16.0,44.0,268.0
"[0, 0, 3, 1, 1, 0, 5, 4, 8, 6, 1, 0, 1, 3]",0.7088396956943941,13.0,95.0,269.0
"[0, 0, 6, 1, 5, 0, 3, 9, 3, 3, 0, 0, 3, 3]",0.654527806415045,22.0,41.0,270.0
"[0, 0, 0, 1, 7, 0, 4, 3, 5, 3, 1, 2, 0, 3]",0.694009432285004,9.0,18.0,271.0
"[0, 0, 0, 7, 8, 0, 3, 3, 5, 9, 0, 1, 0, 0]",0.7879305970351901,24.0,46.0,272.0
"[0, 0, 0, 1, 1, 0, 1, 0, 7, 3, 0, 0, 0, 5]",0.794321348687386,10.0,43.0,273.0
"[0, 0, 4, 1, 5, 0, 3, 3, 3, 9, 0, 0, 1, 3]",0.6854731067752311,18.0,39.0,274.0
"[0, 0, 2, 1, 9, 0, 3, 3, 9, 1, 1, 0, 1, 3]",0.7109521981184951,17.0,52.0,275.0
"[0, 0, 4, 1, 2, 0, 8, 9, 5, 3, 1, 0, 0, 8]",0.72509392457541,21.0,49.0,276.0
"[0, 0, 5, 1, 1, 0, 3, 0, 3, 3, 0, 0, 3, 5]",0.680893505293649,16.0,66.0,277.0
"[0, 0, 0, 6, 1, 0, 7, 3, 5, 6, 2, 0, 0, 4]",0.7631150715886571,14.0,44.0,278.0
"[0, 0, 0, 6, 1, 0, 3, 8, 3, 3, 1, 1, 0, 2]",0.6795121378926481,14.0,16.0,279.0
"[0, 0, 7, 3, 5, 0, 4, 3, 2, 3, 1, 0, 1, 3]",0.643926009178828,18.0,28.0,280.0
"[0, 0, 0, 3, 4, 0, 3, 3, 2, 3, 2, 0, 1, 9]",0.722404319950766,16.0,23.0,281.0
"[0, 0, 9, 8, 1, 0, 3, 3, 5, 8, 2, 1, 0, 3]",0.663502227708057,23.0,92.0,282.0
"[0, 0, 5, 8, 1, 0, 3, 6, 5, 3, 0, 0, 3, 3]",0.681596902043871,19.0,94.0,283.0
"[0, 0, 0, 6, 1, 0, 6, 6, 7, 3, 1, 2, 0, 3]",0.76839348965941,15.0,28.0,284.0
"[0, 0, 0, 1, 7, 0, 4, 2, 3, 3, 1, 2, 3, 3]",0.7038099540424461,15.0,17.0,285.0
"[0, 0, 8, 5, 1, 0, 1, 3, 4, 3, 1, 0, 0, 1]",0.672212808606883,17.0,70.0,286.0
"[0, 0, 8, 4, 0, 0, 3, 3, 5, 3, 1, 0, 3, 3]",0.6192698156774781,15.0,19.0,287.0
"[0, 0, 3, 2, 7, 0, 3, 2, 5, 3, 3, 0, 0, 3]",0.638386779833732,13.0,51.0,288.0
"[0, 0, 0, 1, 1, 0, 7, 5, 5, 6, 1, 1, 2, 3]",0.776032096856046,12.0,42.0,289.0
"[0, 0, 2, 0, 1, 0, 3, 3, 5, 2, 1, 0, 0, 8]",0.7241590369642411,9.0,59.0,290.0
"[0, 0, 4, 1, 6, 0, 3, 3, 6, 4, 1, 0, 3, 3]",0.714992328709888,14.0,55.0,291.0
"[0, 0, 8, 1, 3, 0, 3, 10, 2, 3, 1, 0, 1, 3]",0.6531714348038821,21.0,25.0,292.0
"[0, 0, 0, 1, 1, 0, 8, 4, 4, 3, 1, 0, 0, 6]",0.7643710642960251,10.0,34.0,293.0
"[0, 0, 0, 3, 8, 0, 3, 3, 8, 3, 0, 2, 0, 3]",0.7257250375872081,15.0,18.0,294.0
"[0, 0, 0, 1, 6, 0, 5, 3, 5, 6, 1, 1, 0, 3]",0.7632863981408711,11.0,46.0,295.0
"[0, 0, 0, 0, 8, 0, 7, 3, 5, 1, 1, 0, 0, 6]",0.804828880308032,17.0,36.0,296.0
"[0, 0, 8, 1, 1, 0, 3, 5, 6, 8, 1, 0, 0, 7]",0.714172581139604,20.0,81.0,297.0
"[0, 0, 8, 9, 1, 0, 3, 10, 5, 3, 1, 2, 1, 3]",0.650052259881582,26.0,89.0,298.0
"[0, 0, 4, 9, 1, 0, 9, 9, 5, 3, 1, 1, 0, 5]",0.6880150006391711,27.0,77.0,299.0
"[0, 0, 9, 1, 1, 0, 3, 5, 4, 3, 1, 0, 0, 3]",0.7000297620141931,12.0,60.0,300.0
"[0, 0, 9, 1, 6, 0, 1, 3, 8, 5, 1, 0, 1, 6]",0.707417785378826,25.0,77.0,301.0
"[0, 0, 2, 9, 9, 0, 3, 2, 5, 5, 0, 0, 0, 7]",0.7769111075986551,26.0,36.0,302.0
"[0, 0, 2, 2, 1, 0, 2, 5, 5, 3, 2, 0, 3, 7]",0.698158770442396,14.0,62.0,303.0
"[0, 0, 3, 5, 1, 0, 3, 5, 5, 3, 1, 1, 2, 6]",0.670382594910492,15.0,83.0,304.0
"[0, 0, 0, 1, 4, 0, 3, 3, 1, 9, 3, 1, 2, 4]",0.628850597856574,19.0,17.0,305.0
"[0, 0, 3, 1, 1, 0, 3, 0, 5, 0, 1, 0, 1, 4]",0.6863398903967161,11.0,114.0,306.0
"[0, 0, 3, 1, 5, 0, 3, 5, 0, 5, 1, 0, 0, 3]",0.5717713147072271,16.0,11.0,307.0
"[0, 0, 0, 1, 2, 0, 3, 8, 5, 3, 1, 1, 0, 3]",0.725020201636657,7.0,19.0,308.0
"[0, 0, 3, 5, 1, 0, 4, 8, 5, 7, 3, 2, 0, 3]",0.666407377471523,21.0,87.0,309.0
"[0, 0, 0, 8, 5, 0, 9, 3, 5, 3, 0, 0, 0, 0]",0.8263444679426041,21.0,36.0,310.0
"[0, 0, 0, 1, 1, 0, 0, 8, 2, 3, 3, 0, 0, 1]",0.6915808826196881,15.0,16.0,311.0
"[0, 0, 4, 1, 7, 0, 8, 3, 5, 3, 2, 2, 1, 6]",0.5851822918288581,22.0,58.0,312.0
"[0, 0, 7, 9, 0, 0, 0, 3, 5, 8, 1, 0, 0, 3]",0.6192698156774781,24.0,18.0,313.0
"[0, 0, 0, 2, 5, 0, 2, 4, 5, 4, 1, 0, 0, 3]",0.768742456907025,8.0,37.0,314.0
"[0, 0, 0, 5, 4, 0, 3, 4, 0, 3, 1, 0, 1, 7]",0.573587636701651,18.0,6.0,315.0
"[0, 0, 0, 5, 1, 0, 6, 8, 5, 3, 0, 0, 2, 8]",0.83513662717751,20.0,30.0,316.0
"[0, 0, 0, 5, 4, 0, 1, 6, 6, 3, 1, 1, 0, 3]",0.681496661639584,14.0,12.0,317.0
"[0, 0, 0, 1, 1, 0, 3, 5, 3, 7, 0, 0, 2, 2]",0.7439885701288881,12.0,25.0,318.0
"[0, 0, 0, 3, 0, 0, 3, 3, 3, 7, 1, 2, 3, 3]",0.6192698156774781,14.0,18.0,319.0
"[0, 0, 2, 5, 8, 0, 3, 3, 1, 3, 1, 0, 0, 1]",0.538934740038669,19.0,16.0,320.0
"[0, 0, 4, 7, 1, 0, 9, 3, 5, 6, 2, 0, 0, 5]",0.7148168963364241,22.0,75.0,321.0
"[0, 0, 0, 6, 2, 0, 3, 7, 3, 3, 0, 0, 2, 2]",0.7588151035032481,16.0,20.0,322.0
"[0, 0, 5, 1, 5, 0, 3, 0, 6, 6, 1, 0, 3, 7]",0.6790497124676961,23.0,73.0,323.0
"[0, 0, 6, 1, 1, 0, 7, 3, 3, 1, 3, 2, 3, 3]",0.6546218175227061,21.0,82.0,324.0
"[0, 0, 5, 1, 7, 0, 3, 1, 6, 3, 3, 0, 3, 8]",0.6562585955677981,24.0,64.0,325.0
"[0, 0, 0, 7, 9, 0, 5, 3, 4, 1, 1, 2, 1, 3]",0.5841009711669171,22.0,4.0,326.0
"[0, 0, 2, 1, 1, 0, 5, 3, 4, 3, 3, 1, 0, 1]",0.6661782237286421,10.0,80.0,327.0
"[0, 0, 0, 1, 2, 0, 0, 5, 6, 8, 1, 0, 2, 3]",0.756775794090058,14.0,45.0,328.0
"[0, 0, 4, 4, 3, 0, 3, 1, 6, 8, 1, 2, 0, 3]",0.5898175164872841,19.0,78.0,329.0
"[0, 0, 5, 9, 1, 0, 4, 0, 5, 6, 0, 2, 0, 3]",0.682020576229966,23.0,107.0,330.0
"[0, 0, 5, 1, 1, 0, 0, 0, 5, 9, 0, 1, 0, 2]",0.643850688236238,20.0,104.0,331.0
"[0, 0, 1, 3, 2, 0, 7, 3, 8, 8, 1, 0, 0, 9]",0.720589591216604,22.0,57.0,332.0
"[0, 0, 7, 8, 1, 0, 4, 3, 7, 3, 1, 0, 3, 3]",0.676030439294336,20.0,119.0,333.0
"[0, 0, 9, 3, 5, 0, 3, 7, 5, 10, 1, 0, 2, 8]",0.7058237771200311,33.0,61.0,334.0
"[0, 0, 0, 9, 1, 0, 6, 3, 5, 2, 0, 2, 1, 4]",0.6774219378283061,17.0,15.0,335.0
"[0, 0, 0, 4, 1, 0, 1, 3, 7, 3, 1, 0, 0, 2]",0.788275729208697,8.0,40.0,336.0
"[0, 0, 0, 5, 2, 0, 3, 3, 5, 3, 1, 1, 0, 5]",0.6778605492641221,8.0,24.0,337.0
"[0, 0, 9, 3, 1, 0, 3, 3, 5, 4, 2, 2, 2, 3]",0.659924661512115,17.0,104.0,338.0
"[0, 0, 7, 8, 5, 0, 0, 0, 5, 3, 1, 2, 0, 7]",0.5230452031165931,30.0,71.0,339.0
"[0, 0, 5, 7, 8, 0, 3, 3, 5, 9, 3, 2, 0, 3]",0.5337910147792381,28.0,81.0,340.0
"[0, 0, 3, 1, 7, 0, 1, 3, 5, 3, 1, 2, 0, 6]",0.571034260788816,16.0,42.0,341.0
"[0, 0, 6, 4, 8, 0, 5, 3, 5, 3, 1, 0, 2, 0]",0.7158634258255361,23.0,57.0,342.0
"[0, 0, 2, 1, 1, 0, 3, 1, 3, 0, 2, 0, 3, 3]",0.6945179228828301,13.0,72.0,343.0
"[0, 0, 6, 7, 2, 0, 3, 3, 4, 1, 1, 0, 0, 8]",0.727118519167055,21.0,48.0,344.0
"[0, 0, 8, 1, 1, 0, 5, 1, 5, 2, 2, 0, 1, 6]",0.7026682112379451,18.0,99.0,345.0
"[0, 0, 0, 1, 3, 0, 2, 3, 5, 3, 0, 0, 0, 6]",0.815021584194425,7.0,32.0,346.0
"[0, 0, 7, 1, 0, 0, 1, 3, 5, 3, 3, 2, 2, 6]",0.6192698156774781,19.0,20.0,347.0
"[0, 0, 0, 1, 3, 0, 3, 3, 8, 3, 2, 0, 3, 7]",0.770314705184547,13.0,52.0,348.0
"[0, 0, 0, 0, 1, 0, 6, 5, 5, 6, 2, 0, 3, 1]",0.7670892549507331,15.0,40.0,349.0
"[0, 0, 4, 8, 1, 0, 3, 2, 5, 2, 1, 0, 3, 5]",0.6633616509609811,18.0,107.0,350.0
"[0, 0, 0, 0, 7, 0, 3, 2, 5, 10, 3, 0, 0, 2]",0.7334894546236831,18.0,54.0,351.0
"[0, 0, 5, 3, 1, 0, 7, 10, 1, 7, 3, 0, 0, 7]",0.612215516861028,32.0,28.0,352.0
"[0, 0, 9, 1, 2, 0, 3, 3, 4, 1, 3, 0, 0, 5]",0.6633289720315171,17.0,55.0,353.0
"[0, 0, 0, 7, 2, 0, 7, 5, 3, 3, 1, 0, 0, 3]",0.74688459066482,15.0,30.0,354.0
"[0, 0, 9, 7, 8, 0, 5, 3, 5, 2, 0, 1, 0, 1]",0.7269519372897411,29.0,64.0,355.0
"[0, 0, 5, 2, 9, 0, 2, 6, 1, 3, 1, 2, 0, 2]",0.48190390251746,25.0,26.0,356.0
"[0, 0, 3, 1, 1, 0, 9, 7, 5, 7, 0, 1, 1, 2]",0.725832685925483,21.0,70.0,357.0
"[0, 0, 5, 3, 1, 0, 3, 6, 5, 5, 1, 0, 1, 4]",0.7049807428483991,14.0,73.0,358.0
"[0, 0, 0, 6, 1, 0, 7, 3, 0, 1, 3, 1, 0, 8]",0.5715167265297051,24.0,5.0,359.0
"[0, 0, 2, 6, 7, 0, 5, 3, 2, 7, 0, 2, 0, 3]",0.5506653520348801,25.0,28.0,360.0
"[0, 0, 7, 9, 5, 0, 2, 3, 9, 3, 1, 0, 1, 5]",0.704110128479942,27.0,84.0,361.0
"[0, 0, 0, 7, 0, 0, 3, 3, 6, 1, 1, 2, 1, 3]",0.6192698156774781,13.0,18.0,362.0
"[0, 0, 0, 3, 5, 0, 7, 3, 3, 9, 1, 1, 0, 8]",0.705801151030315,24.0,33.0,363.0
"[0, 0, 0, 2, 1, 0, 3, 0, 5, 8, 0, 0, 3, 7]",0.7598301254472091,17.0,42.0,364.0
"[0, 0, 6, 4, 1, 0, 6, 3, 8, 4, 1, 1, 3, 2]",0.6876932475120181,21.0,119.0,365.0
"[0, 0, 0, 0, 3, 0, 7, 1, 2, 3, 1, 1, 0, 3]",0.62489258413805,13.0,23.0,366.0
"[0, 0, 9, 1, 6, 0, 3, 7, 6, 3, 0, 2, 2, 4]",0.675592313593384,25.0,56.0,367.0
"[0, 0, 2, 2, 1, 0, 3, 3, 6, 3, 2, 1, 3, 8]",0.6798475250204831,14.0,86.0,368.0
"[0, 0, 1, 1, 0, 0, 3, 3, 4, 5, 2, 0, 3, 3]",0.6192698156774781,9.0,17.0,369.0
"[0, 0, 0, 5, 1, 0, 2, 6, 5, 4, 0, 0, 3, 1]",0.821404311619455,15.0,33.0,370.0
"[0, 0, 9, 1, 7, 0, 3, 3, 8, 4, 0, 2, 3, 7]",0.6652500158654221,29.0,75.0,371.0
"[0, 0, 2, 7, 1, 0, 2, 9, 5, 0, 0, 0, 0, 6]",0.74109221392658,22.0,56.0,372.0
"[0, 0, 9, 5, 6, 0, 3, 6, 1, 3, 2, 1, 2, 3]",0.5564064548672001,29.0,27.0,373.0
"[0, 0, 5, 1, 1, 0, 0, 4, 6, 6, 1, 0, 0, 9]",0.644898194964449,19.0,102.0,374.0
"[0, 0, 0, 1, 2, 0, 4, 3, 2, 5, 2, 2, 2, 3]",0.652391066712672,12.0,21.0,375.0
"[0, 0, 9, 1, 9, 0, 3, 3, 7, 7, 3, 0, 2, 2]",0.6701964094833951,28.0,73.0,376.0
"[0, 0, 0, 7, 0, 0, 7, 0, 5, 3, 3, 0, 1, 0]",0.6192698156774781,20.0,18.0,377.0
"[0, 0, 0, 3, 3, 0, 3, 6, 8, 6, 1, 0, 1, 8]",0.792130142348147,19.0,50.0,378.0
"[0, 0, 0, 7, 1, 0, 7, 9, 5, 5, 0, 2, 0, 3]",0.7686020391389421,21.0,33.0,379.0
"[0, 0, 0, 2, 6, 0, 8, 3, 5, 5, 2, 1, 0, 4]",0.7425430387936001,16.0,51.0,380.0
"[0, 0, 4, 5, 1, 0, 6, 0, 5, 2, 1, 2, 0, 2]",0.6869463773091671,18.0,110.0,381.0
"[0, 0, 7, 8, 4, 0, 3, 5, 6, 3, 3, 1, 0, 6]",0.619370480608546,26.0,78.0,382.0
"[0, 0, 5, 3, 5, 0, 6, 3, 2, 3, 3, 0, 0, 3]",0.596007591396101,19.0,46.0,383.0
"[0, 0, 9, 2, 8, 0, 0, 6, 0, 3, 1, 0, 3, 6]",0.574494218099952,34.0,10.0,384.0
"[0, 0, 0, 1, 2, 0, 8, 5, 8, 3, 1, 2, 0, 6]",0.796652822866807,16.0,38.0,385.0
"[0, 0, 9, 8, 0, 0, 5, 7, 5, 10, 1, 1, 0, 3]",0.6192698156774781,31.0,19.0,386.0
"[0, 0, 0, 7, 8, 0, 3, 3, 9, 9, 3, 0, 0, 8]",0.735270720545208,30.0,63.0,387.0
"[0, 0, 0, 0, 3, 0, 1, 3, 5, 10, 0, 1, 0, 0]",0.7476329241288631,17.0,46.0,388.0
"[0, 0, 4, 2, 3, 0, 3, 4, 8, 8, 0, 2, 0, 3]",0.6886999015175741,19.0,77.0,389.0
"[0, 0, 6, 1, 5, 0, 7, 3, 7, 1, 1, 0, 0, 3]",0.732133194465381,18.0,68.0,390.0
"[0, 0, 0, 9, 5, 0, 8, 2, 4, 2, 1, 0, 2, 3]",0.7794203186643761,22.0,35.0,391.0
"[0, 0, 0, 1, 9, 0, 3, 3, 3, 4, 2, 2, 2, 8]",0.6635432676926041,21.0,20.0,392.0
"[0, 0, 8, 3, 0, 0, 4, 2, 5, 5, 0, 0, 0, 3]",0.6192698156774781,16.0,17.0,393.0
"[0, 0, 8, 3, 3, 0, 7, 3, 5, 10, 0, 0, 3, 8]",0.7402079198891071,32.0,62.0,394.0
"[0, 0, 0, 3, 0, 0, 8, 3, 5, 7, 3, 0, 1, 6]",0.6192698156774781,18.0,19.0,395.0
"[0, 0, 0, 4, 1, 0, 3, 7, 7, 3, 2, 0, 1, 1]",0.7811786869519051,13.0,42.0,396.0
"[0, 0, 5, 9, 0, 0, 7, 4, 5, 3, 1, 1, 0, 3]",0.6192698156774781,20.0,18.0,397.0
"[0, 0, 7, 6, 9, 0, 3, 6, 8, 0, 1, 2, 0, 2]",0.6731371841878471,32.0,66.0,398.0
"[0, 0, 4, 3, 4, 0, 6, 10, 5, 8, 1, 2, 1, 3]",0.642089607979612,27.0,53.0,399.0
"[0, 0, 4, 0, 6, 0, 8, 3, 5, 2, 1, 1, 3, 2]",0.651947111589201,21.0,42.0,400.0
"[0, 0, 7, 8, 1, 0, 2, 3, 5, 10, 2, 0, 1, 7]",0.6923028058347821,28.0,90.0,401.0
"[0, 0, 5, 0, 1, 0, 3, 9, 0, 10, 3, 0, 2, 3]",0.579028959578894,28.0,10.0,402.0
"[0, 0, 5, 3, 6, 0, 4, 5, 9, 7, 1, 0, 1, 0]",0.731185543140348,27.0,76.0,403.0
"[0, 0, 0, 4, 1, 0, 9, 3, 0, 4, 2, 1, 1, 6]",0.557344543882718,21.0,8.0,404.0
"[0, 0, 6, 0, 6, 0, 9, 2, 5, 2, 1, 0, 0, 0]",0.7575945354839461,23.0,56.0,405.0
"[0, 0, 8, 8, 6, 0, 8, 8, 1, 3, 0, 2, 0, 4]",0.568963753239636,38.0,27.0,406.0
"[0, 0, 9, 1, 1, 0, 9, 0, 5, 0, 3, 0, 0, 8]",0.7082350747414671,28.0,103.0,407.0
"[0, 0, 0, 7, 4, 0, 1, 6, 8, 7, 2, 0, 1, 3]",0.7781470305164011,23.0,50.0,408.0
"[0, 0, 6, 8, 4, 0, 3, 7, 3, 0, 1, 0, 3, 5]",0.5889226638838131,30.0,30.0,409.0
"[0, 0, 0, 1, 1, 0, 0, 3, 3, 8, 1, 1, 1, 6]",0.6664873791679771,15.0,28.0,410.0
"[0, 0, 0, 0, 7, 0, 5, 3, 9, 7, 0, 0, 3, 7]",0.7925341486558061,25.0,52.0,411.0
"[0, 0, 2, 5, 9, 0, 7, 7, 5, 3, 2, 0, 1, 2]",0.6888870699567381,25.0,32.0,412.0
"[0, 0, 0, 9, 2, 0, 3, 3, 0, 3, 1, 0, 0, 3]",0.5635655885901201,14.0,5.0,413.0
"[0, 0, 6, 7, 1, 0, 2, 3, 5, 1, 1, 0, 3, 8]",0.636666261941999,23.0,104.0,414.0
"[0, 0, 2, 7, 1, 0, 6, 0, 5, 6, 3, 0, 0, 9]",0.6702900970969901,25.0,73.0,415.0
"[0, 0, 0, 7, 6, 0, 1, 3, 9, 10, 2, 0, 2, 2]",0.7218838377468091,28.0,68.0,416.0
"[0, 0, 9, 3, 1, 0, 8, 3, 5, 2, 3, 0, 1, 3]",0.7115161901606061,20.0,93.0,417.0
"[0, 0, 0, 1, 5, 0, 1, 7, 0, 8, 1, 0, 2, 8]",0.5532184544338571,27.0,8.0,418.0
"[0, 0, 4, 2, 1, 0, 3, 10, 6, 2, 0, 1, 1, 1]",0.703262723150546,19.0,86.0,419.0
"[0, 0, 7, 5, 1, 0, 5, 10, 7, 1, 1, 1, 0, 1]",0.6823632881819991,27.0,98.0,420.0
"[0, 0, 0, 0, 3, 0, 3, 0, 3, 3, 2, 0, 0, 3]",0.6905783479710801,9.0,34.0,421.0
"[0, 0, 9, 7, 4, 0, 2, 0, 8, 1, 1, 2, 0, 1]",0.6069597810516011,31.0,107.0,422.0
"[0, 0, 0, 3, 7, 0, 6, 10, 5, 4, 0, 0, 2, 3]",0.820122837832695,22.0,27.0,423.0
"[0, 0, 5, 8, 5, 0, 6, 1, 5, 3, 0, 0, 2, 7]",0.7421114360369521,28.0,59.0,424.0
"[0, 0, 0, 7, 3, 0, 3, 9, 5, 7, 1, 0, 2, 8]",0.781148617188248,25.0,34.0,425.0
"[0, 0, 0, 8, 0, 0, 8, 5, 5, 3, 2, 2, 3, 3]",0.6192698156774781,21.0,20.0,426.0
"[0, 0, 3, 4, 5, 0, 3, 2, 3, 9, 2, 0, 2, 3]",0.604668881320927,22.0,39.0,427.0
"[0, 0, 0, 1, 1, 0, 9, 3, 4, 3, 2, 0, 2, 0]",0.767411176712671,13.0,34.0,428.0
"[0, 0, 0, 7, 1, 0, 2, 3, 5, 3, 3, 1, 1, 3]",0.7023876311717211,11.0,18.0,429.0
"[0, 0, 4, 7, 1, 0, 2, 1, 0, 1, 1, 0, 2, 0]",0.571305793983363,25.0,8.0,430.0
"[0, 0, 3, 1, 5, 0, 3, 3, 8, 3, 1, 0, 1, 3]",0.7226814380309621,11.0,61.0,431.0
"[0, 0, 0, 9, 3, 0, 3, 3, 6, 3, 0, 2, 3, 0]",0.7481552393920241,20.0,16.0,432.0
"[0, 0, 1, 9, 8, 0, 5, 1, 0, 8, 1, 0, 0, 7]",0.549564135330401,34.0,8.0,433.0
"[0, 0, 7, 4, 6, 0, 7, 3, 7, 1, 1, 0, 0, 6]",0.736868293309037,26.0,69.0,434.0
"[0, 0, 2, 1, 1, 0, 8, 5, 8, 3, 0, 0, 0, 8]",0.798140919046304,18.0,61.0,435.0
"[0, 0, 0, 1, 2, 0, 8, 3, 5, 0, 2, 1, 2, 2]",0.5849151567405001,14.0,3.0,436.0
"[0, 0, 0, 2, 2, 0, 3, 5, 3, 7, 1, 0, 1, 8]",0.7109854504990201,16.0,28.0,437.0
"[0, 0, 0, 1, 4, 0, 7, 10, 1, 8, 1, 2, 1, 4]",0.628423425410177,27.0,16.0,438.0
"[0, 0, 6, 3, 1, 0, 0, 0, 5, 3, 3, 0, 0, 8]",0.6131721945347091,21.0,115.0,439.0
"[0, 0, 0, 4, 7, 0, 4, 1, 1, 3, 0, 1, 3, 2]",0.6620685619845931,22.0,13.0,440.0
"[0, 0, 5, 8, 1, 0, 1, 3, 6, 4, 0, 1, 1, 7]",0.680672339232338,23.0,98.0,441.0
"[0, 0, 4, 1, 2, 0, 6, 0, 8, 3, 1, 0, 3, 2]",0.681680743746618,18.0,96.0,442.0
"[0, 0, 1, 4, 1, 0, 4, 3, 5, 8, 1, 1, 2, 8]",0.650648247814262,18.0,56.0,443.0
"[0, 0, 5, 0, 2, 0, 2, 3, 5, 9, 1, 2, 1, 2]",0.586753060554803,18.0,82.0,444.0
"[0, 0, 0, 1, 2, 0, 8, 4, 0, 3, 2, 1, 2, 7]",0.560455553412017,20.0,7.0,445.0
"[0, 0, 6, 8, 2, 0, 3, 7, 4, 3, 3, 1, 1, 0]",0.619944700863133,26.0,50.0,446.0
"[0, 0, 8, 1, 5, 0, 3, 3, 2, 6, 3, 2, 3, 3]",0.48969416747723704,25.0,45.0,447.0
"[0, 0, 4, 0, 1, 0, 7, 8, 2, 1, 1, 1, 0, 9]",0.657654266408759,26.0,43.0,448.0
"[0, 0, 5, 4, 8, 0, 3, 7, 5, 10, 2, 1, 2, 3]",0.618006248336876,30.0,69.0,449.0
"[0, 0, 1, 4, 9, 0, 3, 0, 9, 3, 0, 0, 3, 8]",0.7079611907128901,28.0,54.0,450.0
"[0, 0, 2, 2, 6, 0, 2, 9, 6, 6, 2, 0, 0, 7]",0.676005369558561,24.0,38.0,451.0
"[0, 0, 7, 1, 6, 0, 0, 8, 3, 7, 3, 2, 3, 9]",0.465591047805237,39.0,52.0,452.0
"[0, 0, 7, 6, 6, 0, 7, 10, 6, 8, 3, 0, 0, 9]",0.713949397591074,42.0,74.0,453.0
"[0, 0, 7, 5, 3, 0, 0, 5, 7, 9, 3, 1, 0, 6]",0.5738376482388641,32.0,93.0,454.0
"[0, 0, 2, 1, 1, 0, 9, 1, 8, 4, 3, 1, 1, 8]",0.6613224686423741,23.0,97.0,455.0
"[0, 0, 4, 1, 5, 0, 4, 7, 6, 9, 2, 2, 0, 1]",0.635915768996938,25.0,73.0,456.0
"[0, 0, 6, 2, 0, 0, 2, 3, 9, 8, 2, 2, 2, 2]",0.6192698156774781,24.0,18.0,457.0
"[0, 0, 4, 3, 2, 0, 8, 9, 2, 3, 3, 1, 1, 6]",0.5678907014452861,28.0,34.0,458.0
"[0, 0, 2, 7, 1, 0, 7, 3, 3, 9, 1, 0, 2, 5]",0.7324383661069841,24.0,46.0,459.0
"[0, 0, 5, 9, 6, 0, 4, 1, 0, 3, 1, 1, 0, 9]",0.5705622409967821,33.0,12.0,460.0
"[0, 0, 0, 9, 7, 0, 4, 5, 4, 9, 3, 1, 0, 4]",0.7386036055296461,28.0,40.0,461.0
"[0, 0, 2, 9, 4, 0, 3, 0, 6, 0, 1, 1, 2, 3]",0.559096686661783,23.0,43.0,462.0
"[0, 0, 6, 1, 3, 0, 4, 5, 5, 6, 1, 0, 3, 1]",0.70962649157651,19.0,54.0,463.0
"[0, 0, 0, 8, 2, 0, 7, 3, 4, 4, 2, 0, 0, 0]",0.7302439972253371,18.0,38.0,464.0
"[0, 0, 3, 9, 6, 0, 2, 3, 2, 0, 2, 1, 2, 9]",0.49669226788424903,33.0,15.0,465.0
"[0, 0, 9, 2, 6, 0, 3, 0, 9, 7, 0, 2, 3, 8]",0.6347209385846121,37.0,93.0,466.0
"[0, 0, 6, 1, 2, 0, 0, 5, 4, 6, 1, 1, 0, 6]",0.5829919133246451,20.0,62.0,467.0
"[0, 0, 4, 2, 1, 0, 4, 1, 1, 2, 0, 2, 1, 3]",0.614809777578855,17.0,28.0,468.0
"[0, 0, 4, 6, 2, 0, 0, 6, 5, 5, 3, 2, 2, 6]",0.579640259719379,27.0,58.0,469.0
"[0, 0, 2, 9, 0, 0, 7, 10, 5, 9, 0, 0, 1, 3]",0.6192698156774781,30.0,19.0,470.0
"[0, 0, 3, 6, 1, 0, 8, 9, 6, 7, 0, 0, 0, 6]",0.75236325576102,28.0,58.0,471.0
"[0, 0, 0, 9, 1, 0, 3, 8, 1, 2, 2, 0, 3, 9]",0.6629374305737851,28.0,13.0,472.0
"[0, 0, 1, 4, 9, 0, 1, 5, 7, 10, 1, 1, 1, 1]",0.643865045858067,29.0,57.0,473.0
"[0, 0, 3, 6, 9, 0, 3, 9, 6, 5, 0, 0, 1, 6]",0.744454947125592,30.0,33.0,474.0
"[0, 0, 0, 3, 0, 0, 7, 4, 9, 4, 0, 2, 1, 6]",0.6192698156774781,20.0,20.0,475.0
"[0, 0, 1, 6, 6, 0, 8, 10, 9, 3, 1, 2, 1, 6]",0.710381372554719,33.0,53.0,476.0
"[0, 0, 2, 9, 1, 0, 4, 8, 5, 8, 0, 2, 2, 5]",0.690986251250838,28.0,72.0,477.0
"[0, 0, 4, 0, 7, 0, 7, 1, 6, 2, 1, 0, 0, 6]",0.748325231941934,22.0,56.0,478.0
"[0, 0, 7, 0, 1, 0, 8, 3, 2, 8, 0, 2, 2, 3]",0.657372692055033,26.0,50.0,479.0
"[0, 0, 4, 0, 1, 0, 8, 1, 5, 1, 1, 0, 3, 0]",0.7168325226654371,20.0,109.0,480.0
"[0, 0, 9, 4, 7, 0, 5, 3, 6, 5, 1, 2, 0, 7]",0.67509271029766,29.0,80.0,481.0
"[0, 0, 1, 5, 4, 0, 5, 5, 3, 4, 0, 1, 3, 3]",0.6146791020562491,20.0,22.0,482.0
"[0, 0, 3, 5, 9, 0, 6, 8, 5, 7, 2, 1, 0, 7]",0.626632976095374,33.0,51.0,483.0
"[0, 0, 8, 0, 9, 0, 7, 10, 5, 5, 0, 2, 0, 3]",0.7033978157146991,33.0,61.0,484.0
"[0, 0, 5, 3, 5, 0, 4, 9, 2, 1, 1, 0, 1, 7]",0.642946977943877,28.0,23.0,485.0
"[0, 0, 2, 7, 0, 0, 2, 10, 7, 2, 3, 0, 0, 1]",0.6192698156774781,24.0,16.0,486.0
"[0, 0, 0, 3, 9, 0, 4, 10, 1, 6, 0, 2, 0, 1]",0.657579115971698,30.0,16.0,487.0
"[0, 0, 0, 0, 8, 0, 0, 9, 9, 9, 1, 2, 1, 3]",0.804785607181499,30.0,37.0,488.0
"[0, 0, 6, 6, 0, 0, 9, 6, 0, 3, 2, 1, 3, 4]",0.6192698156774781,32.0,16.0,489.0
"[0, 0, 7, 9, 5, 0, 6, 1, 0, 3, 0, 1, 0, 0]",0.599546725266634,34.0,10.0,490.0
"[0, 0, 6, 6, 7, 0, 5, 1, 7, 4, 1, 2, 0, 2]",0.629943047701488,27.0,86.0,491.0
"[0, 0, 2, 8, 0, 0, 6, 3, 0, 3, 1, 1, 3, 5]",0.6192698156774781,24.0,17.0,492.0
"[0, 0, 0, 0, 0, 0, 7, 9, 6, 7, 3, 2, 0, 3]",0.6192698156774781,21.0,20.0,493.0
"[0, 0, 4, 4, 1, 0, 2, 6, 2, 8, 2, 0, 1, 1]",0.6455751635631001,23.0,42.0,494.0
"[0, 0, 1, 4, 3, 0, 4, 2, 5, 10, 1, 1, 0, 2]",0.613084282350424,17.0,55.0,495.0
"[0, 0, 4, 6, 5, 0, 3, 10, 6, 10, 2, 1, 1, 2]",0.6445253930173901,32.0,66.0,496.0
"[0, 0, 8, 1, 4, 0, 2, 2, 2, 5, 3, 1, 1, 5]",0.523496971883559,24.0,42.0,497.0
"[0, 0, 4, 9, 2, 0, 6, 0, 2, 1, 0, 1, 3, 3]",0.5543440325558431,29.0,25.0,498.0
"[0, 0, 9, 9, 1, 0, 3, 6, 2, 0, 3, 0, 0, 7]",0.66335900814536,32.0,47.0,499.0
"[0, 0, 5, 8, 4, 0, 1, 10, 9, 10, 1, 0, 2, 2]",0.7005130526523901,38.0,64.0,500.0
